{
    "name": "MiTemaFavorito",
    "dataColors": [
        "#e3e8ea",
        "#d98845",
        "#3f95de",
        "#9753ba",
        "#888e95",
        "#bd8cd0"
    ],
    "background": "#FFFFFF",
    "foreground": "#252423",
    "tableAccent": "#0F1934",
    "visualStyles": {
        "*": {
            "*": {
                "background": [
                    {
                        "color": {
                            "solid": {
                                "color": "#FFFFFF"
                            }
                        },
                        "transparency": 0
                    }
                ],
                "border": [
                    {
                        "color": {
                            "solid": {
                                "color": "#CCCCCC"
                            }
                        },
                        "show": true
                    }
                ],
                "title": [
                    {
                        "color": {
                            "solid": {
                                "color": "#252423"
                            }
                        },
                        "fontFamily": "DIN",
                        "fontSize": 12,
                        "fontWeight": "normal",
                        "fontStyle": "italic",
                        "alignment": "left"
                    }
                ],
                "labels": [
                    {
                        "color": {
                            "solid": {
                                "color": "#252423"
                            }
                        },
                        "fontFamily": "Segoe UI",
                        "fontSize": 10,
                        "fontWeight": "bold",
                        "fontStyle": "normal"
                    }
                ]
            }
        },
        "page": {
            "*": {
                "background": [
                    {
                        "color": {
                            "solid": {
                                "color": "#FFFFFF"
                            }
                        },
                        "transparency": 0
                    }
                ]
            }
        },
        "card": {
            "*": {
                "categoryAxis": [
                    {
                        "labelColor": {
                            "solid": {
                                "color": "#252423"
                            }
                        },
                        "gridlineColor": {
                            "solid": {
                                "color": "#CCCCCC"
                            }
                        }
                    }
                ],
                "valueAxis": [
                    {
                        "labelColor": {
                            "solid": {
                                "color": "#252423"
                            }
                        },
                        "gridlineColor": {
                            "solid": {
                                "color": "#CCCCCC"
                            }
                        }
                    }
                ]
            }
        },
        "clusteredBarChart": {
            "*": {
                "categoryAxis": [
                    {
                        "labelColor": {
                            "solid": {
                                "color": "#252423"
                            }
                        },
                        "gridlineColor": {
                            "solid": {
                                "color": "#CCCCCC"
                            }
                        }
                    }
                ],
                "valueAxis": [
                    {
                        "labelColor": {
                            "solid": {
                                "color": "#252423"
                            }
                        },
                        "gridlineColor": {
                            "solid": {
                                "color": "#CCCCCC"
                            }
                        }
                    }
                ]
            }
        },
        "lineChart": {
            "*": {
                "categoryAxis": [
                    {
                        "labelColor": {
                            "solid": {
                                "color": "#252423"
                            }
                        },
                        "gridlineColor": {
                            "solid": {
                                "color": "#CCCCCC"
                            }
                        }
                    }
                ],
                "valueAxis": [
                    {
                        "labelColor": {
                            "solid": {
                                "color": "#252423"
                            }
                        },
                        "gridlineColor": {
                            "solid": {
                                "color": "#CCCCCC"
                            }
                        }
                    }
                ]
            }
        },
        "pieChart": {
            "*": {
                "labels": [
                    {
                        "color": {
                            "solid": {
                                "color": "#252423"
                            }
                        },
                        "fontSize": 10
                    }
                ]
            }
        },
        "tableEx": {
            "*": {
                "grid": [
                    {
                        "gridVertical": true,
                        "gridHorizontal": true
                    }
                ],
                "values": [
                    {
                        "fontFamily": "Segoe UI",
                        "fontSize": 10,
                        "fontWeight": "bold",
                        "fontStyle": "normal",
                        "gridlineColor": {
                            "solid": {
                                "color": "#CCCCCC"
                            }
                        }
                    }
                ],
                "totals": [
                    {
                        "fontFamily": "Segoe UI",
                        "fontSize": 10,
                        "fontWeight": "bold",
                        "fontStyle": "normal"
                    }
                ]
            }
        }
    }
}